id_dispositivo,id_usuario,tipo,sistema_operacional
1,13,Smartphone,iOS
2,226,SmartTV,Android
3,491,SmartTV,iOS
4,890,Notebook,iOS
5,890,SmartTV,Windows
6,67,SmartTV,Windows
7,654,Notebook,iOS
8,659,Notebook,Android
9,137,Tablet,Windows
10,808,Smartphone,Windows
11,659,Tablet,Windows
12,705,Tablet,iOS
13,768,Tablet,Android
14,279,Tablet,Windows
15,177,Notebook,iOS
16,381,SmartTV,iOS
17,496,Tablet,iOS
18,770,SmartTV,iOS
19,873,Smartphone,iOS
20,341,Notebook,Windows
21,442,SmartTV,Linux
22,521,SmartTV,Android
23,505,Smartphone,Android
24,717,Smartphone,Android
25,978,Smartphone,iOS
26,982,Tablet,iOS
27,6,Notebook,Linux
28,912,Smartphone,Android
29,158,Smartphone,Windows
30,849,Smartphone,iOS
31,619,Notebook,Android
32,169,Smartphone,Linux
33,521,Smartphone,Android
34,477,Notebook,Windows
35,736,Smartphone,Windows
36,129,SmartTV,Linux
37,346,Smartphone,Windows
38,825,Smartphone,iOS
39,719,Smartphone,Linux
40,49,Tablet,Windows
41,648,Tablet,Android
42,295,Tablet,iOS
43,284,Tablet,Linux
44,893,Tablet,Android
45,829,Smartphone,Linux
46,146,SmartTV,Linux
47,161,Smartphone,Linux
48,43,Tablet,Windows
49,80,Notebook,Linux
50,295,Smartphone,Windows
51,696,Tablet,Windows
52,810,Tablet,Android
53,49,Notebook,Windows
54,631,Tablet,iOS
55,906,SmartTV,Linux
56,510,Smartphone,iOS
57,945,Notebook,Linux
58,280,Notebook,Windows
59,202,SmartTV,Linux
60,356,SmartTV,Windows
61,247,Tablet,iOS
62,635,Tablet,Windows
63,125,Notebook,iOS
64,302,Smartphone,Android
65,974,Tablet,Windows
66,967,Tablet,Android
67,889,SmartTV,Linux
68,985,SmartTV,iOS
69,405,Smartphone,Linux
70,404,Tablet,Windows
71,612,Smartphone,Windows
72,246,Notebook,Linux
73,644,SmartTV,iOS
74,73,Notebook,Android
75,871,Tablet,Linux
76,606,SmartTV,Linux
77,349,Tablet,iOS
78,283,SmartTV,iOS
79,243,Tablet,Linux
80,271,Smartphone,Android
81,824,Notebook,Android
82,30,Notebook,Linux
83,357,Smartphone,Linux
84,726,Notebook,iOS
85,707,Notebook,Android
86,984,Tablet,Linux
87,452,Smartphone,Linux
88,668,Tablet,iOS
89,137,Tablet,Android
90,894,Tablet,Linux
91,868,Notebook,Windows
92,370,SmartTV,Windows
93,754,Smartphone,iOS
94,257,Tablet,Windows
95,362,Notebook,Linux
96,272,Smartphone,Android
97,193,Tablet,Linux
98,340,SmartTV,iOS
99,359,Smartphone,Android
100,108,Smartphone,Windows
101,95,Smartphone,iOS
102,871,Notebook,Android
103,50,Smartphone,Windows
104,673,Smartphone,Linux
105,557,Notebook,Linux
106,202,Tablet,Linux
107,29,Tablet,iOS
108,573,SmartTV,Linux
109,35,Tablet,Windows
110,21,Tablet,iOS
111,79,Notebook,Windows
112,496,SmartTV,Windows
113,525,Tablet,Linux
114,217,Notebook,iOS
115,899,Notebook,Linux
116,366,Notebook,Linux
117,488,SmartTV,iOS
118,896,Notebook,Android
119,888,Smartphone,Windows
120,901,SmartTV,Android
121,562,Tablet,Linux
122,307,Smartphone,Windows
123,465,Notebook,Android
124,61,Smartphone,Windows
125,117,Tablet,Linux
126,401,Notebook,iOS
127,539,Smartphone,Android
128,434,Smartphone,Android
129,689,SmartTV,Windows
130,756,Smartphone,Android
131,507,Notebook,Linux
132,543,Tablet,Linux
133,167,SmartTV,Linux
134,52,Tablet,Android
135,927,Smartphone,Windows
136,488,SmartTV,iOS
137,743,SmartTV,iOS
138,680,Smartphone,iOS
139,447,Notebook,Linux
140,561,Notebook,Linux
141,288,SmartTV,Android
142,204,Smartphone,Windows
143,530,SmartTV,Android
144,768,Tablet,Linux
145,212,Smartphone,Android
146,113,Tablet,Android
147,325,Smartphone,Android
148,792,Tablet,Windows
149,37,Smartphone,Windows
150,909,Tablet,Windows
151,66,SmartTV,Windows
152,463,SmartTV,iOS
153,175,Tablet,Windows
154,523,Smartphone,Linux
155,895,Tablet,Linux
156,523,SmartTV,iOS
157,446,Smartphone,Android
158,288,Notebook,Windows
159,218,SmartTV,Windows
160,910,Tablet,Linux
161,915,Smartphone,Windows
162,410,SmartTV,Windows
163,586,SmartTV,iOS
164,454,Tablet,Linux
165,453,Tablet,Linux
166,623,SmartTV,Linux
167,526,Smartphone,Linux
168,261,Notebook,Android
169,765,Notebook,Android
170,951,Tablet,Linux
171,143,Tablet,Linux
172,368,Smartphone,Windows
173,55,SmartTV,iOS
174,274,Smartphone,iOS
175,385,Smartphone,Linux
176,687,SmartTV,iOS
177,710,Notebook,Android
178,191,SmartTV,Windows
179,34,SmartTV,Android
180,769,SmartTV,iOS
181,682,Notebook,Android
182,295,Notebook,Android
183,981,Tablet,Windows
184,699,Notebook,Windows
185,372,Tablet,iOS
186,813,Notebook,Android
187,278,SmartTV,Windows
188,493,Notebook,Linux
189,198,Smartphone,Linux
190,748,Notebook,Linux
191,144,Notebook,Android
192,821,Tablet,iOS
193,172,Notebook,Linux
194,905,Tablet,Windows
195,876,Tablet,Linux
196,50,SmartTV,Android
197,679,Notebook,Linux
198,842,Tablet,Linux
199,116,Smartphone,Linux
200,10,Notebook,iOS
201,309,SmartTV,iOS
202,210,Tablet,iOS
203,745,SmartTV,Windows
204,334,SmartTV,Linux
205,232,Smartphone,Android
206,544,Tablet,Android
207,300,Smartphone,Linux
208,548,Notebook,Android
209,995,Tablet,Linux
210,426,SmartTV,Linux
211,546,SmartTV,iOS
212,48,Tablet,Windows
213,871,Tablet,Windows
214,50,Tablet,Windows
215,700,Notebook,Linux
216,959,Smartphone,Windows
217,687,Smartphone,iOS
218,817,SmartTV,Linux
219,109,Notebook,Linux
220,753,Notebook,Linux
221,787,Tablet,iOS
222,962,Notebook,iOS
223,779,Notebook,Android
224,925,SmartTV,iOS
225,119,Tablet,Android
226,621,Tablet,Windows
227,312,Smartphone,Windows
228,873,Tablet,iOS
229,68,Smartphone,Windows
230,704,Smartphone,Android
231,879,Notebook,Android
232,182,SmartTV,Linux
233,833,Smartphone,iOS
234,279,Tablet,Linux
235,750,Tablet,Android
236,714,Notebook,iOS
237,986,Tablet,Windows
238,851,Smartphone,iOS
239,930,SmartTV,Linux
240,113,SmartTV,Linux
241,960,Smartphone,iOS
242,642,Smartphone,Linux
243,244,Tablet,iOS
244,148,Smartphone,Android
245,768,Tablet,Windows
246,116,Smartphone,Android
247,52,Notebook,iOS
248,462,Tablet,iOS
249,389,SmartTV,iOS
250,739,Notebook,Windows
251,878,Smartphone,iOS
252,154,SmartTV,iOS
253,249,Notebook,Android
254,772,Notebook,Windows
255,360,Tablet,Windows
256,36,Tablet,iOS
257,761,Notebook,Windows
258,106,SmartTV,Linux
259,442,Tablet,Linux
260,795,SmartTV,Windows
261,658,Tablet,iOS
262,535,Smartphone,Linux
263,841,Smartphone,Windows
264,683,Tablet,Android
265,205,Smartphone,Android
266,531,Smartphone,iOS
267,102,Smartphone,Android
268,453,SmartTV,Windows
269,481,Notebook,Android
270,165,Smartphone,Linux
271,225,Notebook,iOS
272,867,Notebook,Windows
273,893,Notebook,Linux
274,414,Smartphone,Linux
275,584,Smartphone,Linux
276,949,Smartphone,Linux
277,710,SmartTV,Linux
278,554,Smartphone,Windows
279,487,Notebook,Linux
280,520,Tablet,Android
281,720,SmartTV,Linux
282,62,SmartTV,Android
283,96,Smartphone,Android
284,51,Smartphone,Windows
285,848,SmartTV,Windows
286,132,Tablet,iOS
287,310,Notebook,Linux
288,380,Smartphone,Android
289,902,SmartTV,iOS
290,562,Tablet,Linux
291,241,Tablet,Linux
292,649,Tablet,iOS
293,25,Notebook,Android
294,561,Smartphone,iOS
295,566,Smartphone,iOS
296,535,Smartphone,iOS
297,395,Tablet,iOS
298,763,Smartphone,Linux
299,547,Tablet,Linux
300,759,Smartphone,iOS
301,74,Tablet,Windows
302,915,Notebook,Linux
303,43,Tablet,iOS
304,696,Notebook,iOS
305,807,SmartTV,Linux
306,778,SmartTV,iOS
307,686,Smartphone,iOS
308,724,Smartphone,Windows
309,335,Notebook,Android
310,691,Tablet,Android
311,467,Smartphone,iOS
312,496,Notebook,iOS
313,1000,Notebook,Linux
314,192,SmartTV,Windows
315,315,SmartTV,Android
316,612,Smartphone,Linux
317,404,Tablet,Android
318,988,Smartphone,Windows
319,815,SmartTV,Linux
320,72,Smartphone,Android
321,539,Notebook,iOS
322,799,Tablet,Android
323,953,Tablet,Windows
324,663,SmartTV,Windows
325,766,Smartphone,Windows
326,781,Notebook,iOS
327,948,Notebook,iOS
328,456,Notebook,Linux
329,634,Notebook,Android
330,100,SmartTV,iOS
331,693,Smartphone,iOS
332,694,SmartTV,Android
333,815,SmartTV,iOS
334,838,Smartphone,Windows
335,237,SmartTV,Android
336,323,SmartTV,Linux
337,59,Smartphone,Windows
338,196,SmartTV,Linux
339,961,SmartTV,Windows
340,643,SmartTV,Windows
341,884,Notebook,Linux
342,352,Notebook,Linux
343,384,Smartphone,Android
344,112,Tablet,Linux
345,955,Smartphone,Windows
346,983,SmartTV,Android
347,500,SmartTV,Linux
348,321,Tablet,Windows
349,995,Smartphone,Android
350,133,Tablet,Windows
351,506,Notebook,iOS
352,1000,Smartphone,Windows
353,224,SmartTV,Windows
354,247,Notebook,Windows
355,139,SmartTV,Android
356,718,SmartTV,Linux
357,144,SmartTV,Windows
358,771,Notebook,Linux
359,518,Notebook,Linux
360,56,SmartTV,Linux
361,269,SmartTV,Android
362,335,Notebook,iOS
363,551,Smartphone,Windows
364,952,Smartphone,iOS
365,313,Smartphone,iOS
366,766,Smartphone,Android
367,157,SmartTV,Windows
368,938,Notebook,Android
369,586,SmartTV,Windows
370,453,Notebook,iOS
371,655,Tablet,Linux
372,265,Tablet,Linux
373,835,Notebook,Windows
374,23,Smartphone,Android
375,999,Notebook,Android
376,360,SmartTV,Android
377,705,Tablet,Linux
378,534,SmartTV,Windows
379,488,Notebook,Linux
380,526,SmartTV,Windows
381,811,Smartphone,Linux
382,939,Smartphone,Android
383,120,SmartTV,Android
384,490,Tablet,iOS
385,181,SmartTV,Windows
386,488,SmartTV,Android
387,769,Smartphone,Android
388,304,SmartTV,iOS
389,901,Notebook,iOS
390,287,Notebook,Windows
391,958,Tablet,Windows
392,511,Notebook,iOS
393,550,Tablet,Android
394,866,Smartphone,Windows
395,679,Smartphone,iOS
396,985,Notebook,Linux
397,749,SmartTV,Android
398,453,Smartphone,Linux
399,932,SmartTV,Windows
400,496,Notebook,Linux
401,338,Smartphone,iOS
402,942,Smartphone,iOS
403,147,Notebook,Linux
404,586,Tablet,Windows
405,32,Notebook,Windows
406,451,Tablet,Linux
407,461,Tablet,iOS
408,513,Smartphone,Android
409,954,SmartTV,Android
410,277,SmartTV,Linux
411,667,Tablet,iOS
412,696,SmartTV,Android
413,974,Notebook,iOS
414,110,Tablet,Linux
415,370,Smartphone,Windows
416,917,SmartTV,Android
417,446,SmartTV,iOS
418,884,Tablet,iOS
419,995,Tablet,Windows
420,234,Notebook,Linux
421,164,Smartphone,Windows
422,542,Smartphone,Android
423,726,Smartphone,Windows
424,761,Notebook,iOS
425,895,Tablet,iOS
426,847,Notebook,Windows
427,714,SmartTV,Android
428,776,SmartTV,Linux
429,809,Smartphone,Windows
430,787,Smartphone,Android
431,982,Smartphone,Linux
432,309,Tablet,Windows
433,673,Tablet,iOS
434,350,Tablet,Linux
435,193,Notebook,iOS
436,815,Tablet,Windows
437,332,SmartTV,Android
438,831,Smartphone,iOS
439,126,Notebook,Linux
440,24,SmartTV,Android
441,516,SmartTV,Windows
442,47,Smartphone,iOS
443,443,SmartTV,Windows
444,535,SmartTV,Linux
445,498,SmartTV,Android
446,902,Smartphone,iOS
447,720,SmartTV,Linux
448,104,Smartphone,Linux
449,974,Notebook,Windows
450,980,Tablet,Android
451,682,Smartphone,Android
452,21,SmartTV,Linux
453,603,Tablet,Linux
454,541,SmartTV,Android
455,314,SmartTV,Linux
456,379,Smartphone,Windows
457,46,Tablet,iOS
458,801,Tablet,Android
459,714,Tablet,Android
460,339,Tablet,Android
461,587,Tablet,Windows
462,754,Tablet,Windows
463,262,Notebook,Windows
464,823,Smartphone,Windows
465,595,Tablet,iOS
466,104,Smartphone,Linux
467,259,Smartphone,iOS
468,809,SmartTV,Android
469,520,Notebook,Linux
470,35,Notebook,Android
471,819,Smartphone,Linux
472,599,SmartTV,Linux
473,415,Notebook,iOS
474,780,Tablet,Android
475,656,Notebook,iOS
476,656,SmartTV,iOS
477,758,Tablet,Windows
478,450,SmartTV,iOS
479,138,Tablet,Android
480,895,Tablet,iOS
481,440,Smartphone,Android
482,696,Tablet,Android
483,5,Notebook,Linux
484,140,SmartTV,Android
485,544,Tablet,Android
486,550,Tablet,iOS
487,120,Tablet,iOS
488,182,Smartphone,iOS
489,250,Tablet,iOS
490,198,SmartTV,Linux
491,83,SmartTV,Android
492,321,Notebook,Android
493,747,Notebook,iOS
494,631,Tablet,Windows
495,812,Smartphone,Windows
496,164,Tablet,Android
497,980,Tablet,iOS
498,881,SmartTV,Android
499,619,Notebook,Linux
500,761,Notebook,iOS
501,982,Tablet,Linux
502,737,Smartphone,Windows
503,5,Tablet,Android
504,285,Tablet,Android
505,884,Smartphone,Linux
506,216,SmartTV,iOS
507,38,SmartTV,Android
508,89,Smartphone,Windows
509,674,SmartTV,iOS
510,230,Tablet,Android
511,15,SmartTV,Windows
512,840,SmartTV,Windows
513,458,Tablet,iOS
514,653,Smartphone,Android
515,276,Tablet,Windows
516,759,Notebook,Android
517,167,Smartphone,Windows
518,529,SmartTV,Windows
519,577,Smartphone,Linux
520,114,SmartTV,Android
521,539,Tablet,Windows
522,939,SmartTV,iOS
523,616,Notebook,Android
524,516,Tablet,Linux
525,525,Tablet,Windows
526,628,Tablet,iOS
527,97,Smartphone,Android
528,252,Tablet,iOS
529,115,Tablet,iOS
530,725,Tablet,Android
531,895,Tablet,iOS
532,779,SmartTV,Windows
533,728,Notebook,Android
534,571,Tablet,iOS
535,181,SmartTV,Android
536,991,SmartTV,Android
537,493,SmartTV,Windows
538,453,Smartphone,Windows
539,318,Notebook,Windows
540,653,Smartphone,Windows
541,415,Smartphone,Windows
542,568,Notebook,Linux
543,582,Smartphone,Linux
544,791,Notebook,Windows
545,438,SmartTV,Windows
546,148,Tablet,Android
547,35,Smartphone,Linux
548,149,Notebook,Linux
549,349,SmartTV,Windows
550,238,SmartTV,Android
551,327,Smartphone,iOS
552,422,SmartTV,Windows
553,380,Smartphone,Linux
554,925,Notebook,iOS
555,181,Notebook,Android
556,44,Tablet,Android
557,519,Tablet,Android
558,674,Tablet,iOS
559,382,Tablet,Windows
560,343,Tablet,Windows
561,508,Smartphone,Android
562,572,Tablet,Android
563,729,Notebook,iOS
564,588,Tablet,Linux
565,667,SmartTV,Windows
566,469,Smartphone,iOS
567,623,SmartTV,Linux
568,470,Tablet,iOS
569,976,SmartTV,Linux
570,722,SmartTV,Windows
571,353,Smartphone,Windows
572,867,Smartphone,Linux
573,385,Notebook,Android
574,255,Tablet,iOS
575,373,SmartTV,iOS
576,48,Notebook,iOS
577,722,SmartTV,Android
578,835,Tablet,Windows
579,195,SmartTV,Android
580,16,Notebook,Android
581,919,Smartphone,Windows
582,499,SmartTV,Windows
583,41,Tablet,Windows
584,448,Smartphone,Android
585,127,Tablet,Android
586,614,SmartTV,Windows
587,961,Smartphone,Windows
588,673,Smartphone,iOS
589,240,SmartTV,Android
590,796,SmartTV,Linux
591,22,Notebook,iOS
592,220,Tablet,Android
593,778,Tablet,Android
594,864,Tablet,Windows
595,719,Smartphone,Linux
596,128,SmartTV,iOS
597,263,Notebook,Windows
598,248,Notebook,Linux
599,484,SmartTV,Linux
600,715,Notebook,Android
601,325,SmartTV,iOS
602,579,SmartTV,Linux
603,248,Notebook,Android
604,764,Notebook,Android
605,565,Smartphone,iOS
606,688,Smartphone,Android
607,729,Smartphone,Windows
608,246,Tablet,Windows
609,512,SmartTV,Linux
610,455,Notebook,Linux
611,883,Tablet,iOS
612,110,Smartphone,iOS
613,100,Notebook,Linux
614,189,SmartTV,Android
615,942,Tablet,Linux
616,983,Notebook,Android
617,451,SmartTV,Android
618,684,Tablet,Windows
619,936,Notebook,Linux
620,56,Tablet,Linux
621,156,Notebook,iOS
622,718,Notebook,Windows
623,104,Smartphone,iOS
624,918,Tablet,Windows
625,948,Tablet,Linux
626,150,Smartphone,iOS
627,698,Notebook,Linux
628,295,Smartphone,Linux
629,310,Smartphone,Windows
630,857,Notebook,Android
631,596,Notebook,iOS
632,594,SmartTV,iOS
633,177,Notebook,iOS
634,213,Notebook,Android
635,983,Smartphone,Android
636,531,Smartphone,Windows
637,535,Smartphone,Windows
638,557,Notebook,Windows
639,288,Smartphone,Linux
640,148,Notebook,Linux
641,501,Tablet,Linux
642,534,Tablet,Windows
643,985,Notebook,Windows
644,188,Notebook,Android
645,363,SmartTV,Linux
646,370,Smartphone,iOS
647,561,Tablet,Windows
648,455,Tablet,iOS
649,491,Notebook,iOS
650,166,Tablet,iOS
651,241,Tablet,Linux
652,322,Notebook,Windows
653,134,Tablet,Android
654,465,SmartTV,Android
655,638,Smartphone,Windows
656,249,Smartphone,Android
657,720,SmartTV,iOS
658,247,Tablet,Android
659,320,Notebook,Android
660,882,Smartphone,iOS
661,711,Tablet,Linux
662,319,Smartphone,Linux
663,536,Notebook,iOS
664,918,Tablet,Linux
665,962,SmartTV,iOS
666,801,Smartphone,Windows
667,143,Smartphone,iOS
668,18,Smartphone,Linux
669,411,SmartTV,iOS
670,166,Tablet,Linux
671,496,Smartphone,iOS
672,840,Notebook,Linux
673,10,SmartTV,Android
674,407,Smartphone,Android
675,411,SmartTV,Linux
676,719,Smartphone,iOS
677,185,Tablet,iOS
678,643,Notebook,Windows
679,864,SmartTV,Linux
680,521,Tablet,Linux
681,930,Notebook,Android
682,530,Smartphone,Android
683,93,Notebook,Linux
684,871,Tablet,Linux
685,819,Tablet,Linux
686,433,Notebook,Linux
687,91,SmartTV,iOS
688,942,Notebook,Linux
689,709,Notebook,Linux
690,784,Smartphone,Linux
691,257,SmartTV,Linux
692,40,Smartphone,Android
693,396,Tablet,iOS
694,477,Smartphone,Linux
695,190,Tablet,Android
696,776,Smartphone,Android
697,426,Notebook,iOS
698,882,Tablet,Windows
699,497,Smartphone,Windows
700,569,SmartTV,Windows
701,908,Notebook,iOS
702,457,SmartTV,Windows
703,471,SmartTV,Linux
704,775,Notebook,Android
705,728,SmartTV,Android
706,815,Tablet,Windows
707,616,Tablet,iOS
708,258,Smartphone,Android
709,554,Notebook,Android
710,380,Smartphone,Android
711,300,Smartphone,iOS
712,684,SmartTV,Linux
713,631,SmartTV,Windows
714,917,Tablet,Windows
715,7,SmartTV,Windows
716,884,Notebook,iOS
717,874,Smartphone,Linux
718,288,SmartTV,Android
719,114,Smartphone,iOS
720,255,Smartphone,Linux
721,954,Smartphone,Linux
722,935,Tablet,iOS
723,281,Tablet,Linux
724,965,SmartTV,Windows
725,250,Notebook,Windows
726,719,Smartphone,iOS
727,864,SmartTV,iOS
728,703,Smartphone,iOS
729,882,Smartphone,Android
730,156,SmartTV,Windows
731,75,Tablet,iOS
732,976,Tablet,Android
733,5,Tablet,Android
734,265,Tablet,Linux
735,355,Smartphone,iOS
736,879,Smartphone,iOS
737,532,Smartphone,Android
738,426,Tablet,Android
739,216,SmartTV,Android
740,551,SmartTV,Android
741,883,SmartTV,Android
742,789,SmartTV,iOS
743,897,Tablet,Android
744,784,SmartTV,Linux
745,499,Notebook,Linux
746,677,Smartphone,iOS
747,38,Notebook,iOS
748,138,Tablet,Android
749,573,Notebook,Linux
750,405,Notebook,Linux
751,852,Smartphone,Linux
752,545,Notebook,iOS
753,596,SmartTV,iOS
754,159,Smartphone,Linux
755,261,Notebook,Windows
756,154,Tablet,Android
757,60,Notebook,Linux
758,293,Notebook,Android
759,689,SmartTV,Windows
760,469,Tablet,iOS
761,462,Tablet,Linux
762,284,Smartphone,Linux
763,157,Tablet,Android
764,89,Tablet,iOS
765,417,Notebook,Android
766,345,Tablet,iOS
767,793,Smartphone,Linux
768,457,Tablet,Android
769,821,Smartphone,Windows
770,888,SmartTV,iOS
771,629,Smartphone,iOS
772,656,SmartTV,Windows
773,239,SmartTV,Linux
774,964,Notebook,Android
775,380,Smartphone,Android
776,118,Notebook,Linux
777,383,Tablet,Windows
778,80,SmartTV,iOS
779,851,Tablet,iOS
780,786,Smartphone,iOS
781,429,Tablet,iOS
782,963,Tablet,Android
783,522,Notebook,Windows
784,274,SmartTV,iOS
785,427,Notebook,Linux
786,882,Tablet,iOS
787,931,Smartphone,iOS
788,35,Tablet,Android
789,726,Tablet,iOS
790,575,Tablet,Windows
791,780,Tablet,Linux
792,838,Notebook,iOS
793,855,Smartphone,Linux
794,737,Tablet,iOS
795,794,Smartphone,Linux
796,769,Notebook,iOS
797,427,Tablet,Android
798,596,Notebook,Android
799,981,SmartTV,Linux
800,682,Notebook,iOS
801,815,Notebook,iOS
802,809,Smartphone,Windows
803,406,Smartphone,Android
804,184,Notebook,Android
805,438,Notebook,Linux
806,881,Notebook,Android
807,959,Notebook,iOS
808,411,SmartTV,Linux
809,74,Smartphone,Android
810,803,Notebook,iOS
811,947,SmartTV,Linux
812,67,Smartphone,Android
813,122,Smartphone,Android
814,161,Notebook,iOS
815,349,SmartTV,Android
816,392,SmartTV,Linux
817,313,Tablet,Android
818,21,Smartphone,Android
819,999,SmartTV,Linux
820,261,Smartphone,Windows
821,234,Tablet,Linux
822,127,Notebook,Windows
823,228,Tablet,Linux
824,643,SmartTV,Android
825,161,Tablet,Windows
826,180,Notebook,Windows
827,59,SmartTV,Android
828,155,Notebook,iOS
829,837,Tablet,Linux
830,18,SmartTV,Android
831,139,Smartphone,Windows
832,926,Smartphone,Linux
833,697,Notebook,Android
834,677,Tablet,Linux
835,339,Notebook,Android
836,865,Tablet,iOS
837,857,SmartTV,Windows
838,863,Tablet,Windows
839,714,SmartTV,iOS
840,379,Tablet,Linux
841,178,Tablet,iOS
842,413,Notebook,iOS
843,565,Notebook,Android
844,142,Smartphone,Linux
845,876,SmartTV,Windows
846,420,Tablet,Android
847,122,Tablet,iOS
848,291,SmartTV,Android
849,709,SmartTV,Linux
850,191,Notebook,Android
851,371,SmartTV,Android
852,485,Smartphone,Linux
853,147,Smartphone,Android
854,445,Smartphone,Windows
855,97,Smartphone,Windows
856,365,Notebook,Windows
857,707,SmartTV,Linux
858,463,Notebook,Android
859,56,Tablet,Linux
860,579,Tablet,Android
861,57,Smartphone,iOS
862,126,Tablet,Android
863,50,Tablet,iOS
864,685,SmartTV,Windows
865,135,Smartphone,Android
866,105,Tablet,iOS
867,68,Notebook,Android
868,960,Notebook,iOS
869,885,Notebook,Linux
870,217,Tablet,Windows
871,761,Notebook,Windows
872,486,Smartphone,Android
873,525,Tablet,iOS
874,936,SmartTV,Linux
875,99,SmartTV,iOS
876,619,Notebook,Linux
877,625,SmartTV,Android
878,148,Notebook,Windows
879,664,Notebook,Windows
880,479,Tablet,Android
881,417,Notebook,Windows
882,10,Tablet,Windows
883,14,SmartTV,Windows
884,477,Tablet,iOS
885,46,SmartTV,Linux
886,498,Tablet,Windows
887,857,Notebook,Linux
888,956,Notebook,iOS
889,542,Notebook,iOS
890,191,Smartphone,iOS
891,761,Notebook,Android
892,227,Notebook,Linux
893,254,SmartTV,Android
894,995,Smartphone,Android
895,920,Smartphone,Linux
896,865,Tablet,Linux
897,556,Tablet,Android
898,579,Notebook,Android
899,771,Smartphone,Linux
900,955,Tablet,Linux
901,837,SmartTV,Linux
902,141,Smartphone,Android
903,677,Notebook,iOS
904,844,Tablet,Android
905,289,SmartTV,Linux
906,41,Smartphone,Android
907,533,Tablet,Android
908,244,SmartTV,Android
909,815,Smartphone,iOS
910,171,Notebook,iOS
911,233,Smartphone,Android
912,344,SmartTV,Linux
913,662,Smartphone,Windows
914,208,Notebook,Android
915,1000,SmartTV,Android
916,904,SmartTV,Linux
917,839,Smartphone,Linux
918,541,Notebook,Linux
919,452,Tablet,Android
920,590,Smartphone,iOS
921,283,SmartTV,Android
922,119,Notebook,Windows
923,702,SmartTV,iOS
924,264,Notebook,Linux
925,681,SmartTV,Windows
926,416,Notebook,Android
927,217,Smartphone,Windows
928,981,Notebook,iOS
929,24,Notebook,Linux
930,339,SmartTV,iOS
931,625,Smartphone,Windows
932,938,SmartTV,Android
933,773,Smartphone,Android
934,252,Tablet,Windows
935,959,Tablet,iOS
936,673,SmartTV,iOS
937,959,Tablet,Windows
938,834,Smartphone,Linux
939,23,SmartTV,iOS
940,678,SmartTV,Android
941,293,Tablet,Linux
942,839,SmartTV,Android
943,400,SmartTV,iOS
944,431,Notebook,Linux
945,152,Smartphone,Windows
946,810,Tablet,Windows
947,398,Notebook,Windows
948,109,SmartTV,Linux
949,431,Notebook,iOS
950,539,Smartphone,Linux
951,933,Smartphone,iOS
952,297,Smartphone,Windows
953,539,SmartTV,Windows
954,552,Notebook,iOS
955,961,Notebook,Linux
956,427,Tablet,Linux
957,985,Smartphone,Android
958,154,Smartphone,Linux
959,831,Notebook,Android
960,322,Smartphone,Windows
961,426,Tablet,Android
962,357,SmartTV,Linux
963,687,Notebook,Windows
964,61,Tablet,Android
965,693,Notebook,Android
966,965,Notebook,iOS
967,30,Notebook,Linux
968,108,SmartTV,Linux
969,41,Notebook,iOS
970,3,Notebook,iOS
971,892,Tablet,iOS
972,596,Smartphone,Windows
973,557,Tablet,iOS
974,167,Smartphone,Linux
975,583,Smartphone,Linux
976,421,Tablet,Linux
977,424,Smartphone,iOS
978,184,Smartphone,Windows
979,421,Tablet,Android
980,502,Notebook,Android
981,398,Tablet,Android
982,781,Notebook,Android
983,873,Smartphone,Linux
984,963,Notebook,iOS
985,805,Smartphone,Android
986,98,Tablet,iOS
987,876,Tablet,iOS
988,506,Smartphone,Android
989,394,Notebook,Windows
990,314,Smartphone,iOS
991,37,Notebook,Android
992,227,Notebook,Android
993,177,Smartphone,Windows
994,544,Smartphone,iOS
995,763,Smartphone,Windows
996,776,SmartTV,Android
997,649,Notebook,Linux
998,767,Smartphone,Windows
999,678,Notebook,Linux
1000,527,Tablet,Android
1001,462,Tablet,iOS
1002,895,SmartTV,iOS
1003,574,SmartTV,Windows
1004,596,SmartTV,Linux
1005,165,SmartTV,iOS
1006,943,Notebook,Linux
1007,701,Smartphone,Android
1008,734,Tablet,Linux
1009,284,Tablet,iOS
1010,656,SmartTV,Linux
1011,520,SmartTV,iOS
1012,581,Smartphone,Windows
1013,62,Tablet,Linux
1014,715,Notebook,iOS
1015,882,Notebook,iOS
1016,820,Smartphone,iOS
1017,310,Smartphone,Linux
1018,924,Smartphone,Android
1019,417,Notebook,Android
1020,375,Tablet,Linux
1021,246,Notebook,Windows
1022,972,Smartphone,Windows
1023,341,SmartTV,iOS
1024,922,SmartTV,iOS
1025,83,Notebook,Android
1026,935,Smartphone,Linux
1027,322,SmartTV,iOS
1028,319,Notebook,iOS
1029,575,SmartTV,Windows
1030,546,Notebook,Linux
1031,356,Smartphone,Android
1032,458,Smartphone,Windows
1033,87,SmartTV,iOS
1034,188,SmartTV,Linux
1035,551,Smartphone,Android
1036,863,SmartTV,Windows
1037,145,Notebook,Android
1038,930,Notebook,Windows
1039,976,SmartTV,Linux
1040,48,Notebook,Windows
1041,562,Notebook,iOS
1042,282,Smartphone,Android
1043,439,SmartTV,Linux
1044,559,SmartTV,Android
1045,28,Notebook,Linux
1046,757,Smartphone,iOS
1047,458,Tablet,Windows
1048,507,Smartphone,Windows
1049,955,Tablet,Linux
1050,393,Smartphone,Android
1051,58,Smartphone,Android
1052,510,Smartphone,Windows
1053,118,Smartphone,Android
1054,923,SmartTV,Linux
1055,194,Smartphone,iOS
1056,866,Smartphone,Windows
1057,701,Notebook,Windows
1058,666,SmartTV,Android
1059,121,SmartTV,Linux
1060,910,Smartphone,iOS
1061,69,SmartTV,iOS
1062,721,Notebook,Linux
1063,9,Notebook,Windows
1064,723,Tablet,iOS
1065,902,Tablet,Linux
1066,355,Smartphone,Windows
1067,316,SmartTV,iOS
1068,421,Smartphone,Windows
1069,91,SmartTV,iOS
1070,255,Notebook,Android
1071,887,Tablet,iOS
1072,886,SmartTV,iOS
1073,331,SmartTV,Windows
1074,17,Notebook,Android
1075,623,Smartphone,Android
1076,844,Smartphone,Windows
1077,157,SmartTV,Windows
1078,606,Notebook,Linux
1079,647,SmartTV,Windows
1080,527,Tablet,Linux
1081,118,Tablet,Windows
1082,677,Tablet,Linux
1083,737,Tablet,iOS
1084,203,Tablet,Android
1085,215,Tablet,Windows
1086,805,Notebook,Linux
1087,433,Tablet,Android
1088,668,SmartTV,iOS
1089,124,Tablet,Linux
1090,23,Smartphone,iOS
1091,987,Smartphone,Windows
1092,772,Smartphone,iOS
1093,791,Tablet,Windows
1094,278,Smartphone,Linux
1095,473,Smartphone,Windows
1096,13,Tablet,Linux
1097,853,Smartphone,Windows
1098,100,Notebook,Android
1099,83,Notebook,iOS
1100,100,Tablet,Windows
1101,171,Notebook,Windows
1102,703,Smartphone,Linux
1103,658,Smartphone,iOS
1104,485,Tablet,iOS
1105,506,Notebook,Android
1106,964,Notebook,Android
1107,647,Notebook,Android
1108,964,Smartphone,Windows
1109,886,Tablet,Windows
1110,640,SmartTV,Windows
1111,816,Tablet,iOS
1112,928,Tablet,Linux
1113,21,Smartphone,iOS
1114,485,Smartphone,Linux
1115,568,Notebook,Windows
1116,340,Notebook,Android
1117,829,Tablet,iOS
1118,382,Notebook,Linux
1119,992,Tablet,Windows
1120,558,Tablet,Windows
1121,135,Tablet,Android
1122,179,Notebook,Windows
1123,427,Notebook,Windows
1124,966,SmartTV,iOS
1125,168,Smartphone,Linux
1126,390,Notebook,Linux
1127,715,Tablet,Linux
1128,662,SmartTV,Linux
1129,273,Smartphone,Android
1130,494,Smartphone,Windows
1131,71,Smartphone,Linux
1132,960,Smartphone,iOS
1133,871,Notebook,Windows
1134,864,Smartphone,Linux
1135,985,Smartphone,Linux
1136,812,SmartTV,iOS
1137,451,Smartphone,iOS
1138,233,Smartphone,Windows
1139,991,Tablet,Linux
1140,911,Smartphone,Windows
1141,989,SmartTV,iOS
1142,13,Smartphone,Linux
1143,43,Notebook,iOS
1144,14,Smartphone,Windows
1145,834,Notebook,Android
1146,663,Smartphone,Windows
1147,509,Smartphone,iOS
1148,767,SmartTV,Linux
1149,834,Smartphone,Linux
1150,452,Smartphone,Android
1151,442,Tablet,Linux
1152,840,Tablet,Windows
1153,379,Tablet,Android
1154,706,Tablet,Linux
1155,134,SmartTV,Linux
1156,369,Tablet,iOS
1157,37,Smartphone,Linux
1158,916,Smartphone,Windows
1159,614,Notebook,iOS
1160,206,Notebook,Windows
1161,435,Tablet,Windows
1162,5,Tablet,Linux
1163,77,Smartphone,Android
1164,904,SmartTV,Linux
1165,753,SmartTV,Windows
1166,629,Smartphone,Windows
1167,972,Smartphone,Linux
1168,571,Tablet,Android
1169,14,Tablet,iOS
1170,690,Smartphone,Linux
1171,531,Notebook,Linux
1172,729,Smartphone,Android
1173,948,Notebook,Linux
1174,718,Smartphone,Windows
1175,119,Tablet,Linux
1176,544,SmartTV,Android
1177,281,SmartTV,Linux
1178,739,Smartphone,Windows
1179,624,Smartphone,Linux
1180,42,Tablet,iOS
1181,344,Tablet,iOS
1182,872,Notebook,Windows
1183,791,SmartTV,Android
1184,875,Smartphone,Linux
1185,378,Notebook,Linux
1186,901,Smartphone,iOS
1187,718,Notebook,Windows
1188,215,Notebook,Android
1189,307,Smartphone,Linux
1190,190,Smartphone,iOS
1191,271,Tablet,Linux
1192,406,Tablet,Linux
1193,949,Tablet,Android
1194,22,Notebook,Linux
1195,547,Tablet,Android
1196,123,Tablet,iOS
1197,306,Notebook,Android
1198,31,Smartphone,Android
1199,998,SmartTV,Android
1200,462,Tablet,Windows
1201,312,Smartphone,Android
1202,674,Tablet,iOS
1203,748,Tablet,Android
1204,989,SmartTV,iOS
1205,455,Tablet,Android
1206,187,SmartTV,Windows
1207,793,Notebook,Linux
1208,73,Notebook,iOS
1209,809,Notebook,iOS
1210,972,SmartTV,Android
1211,323,Smartphone,iOS
1212,385,Tablet,iOS
1213,645,Notebook,Linux
1214,784,SmartTV,iOS
1215,834,Tablet,Linux
1216,492,Smartphone,Windows
1217,763,SmartTV,Windows
1218,72,Notebook,Android
1219,293,Tablet,Android
1220,317,Smartphone,Android
1221,200,Tablet,Windows
1222,282,SmartTV,Linux
1223,284,Tablet,Android
1224,539,SmartTV,Android
1225,607,Smartphone,Linux
1226,969,Notebook,iOS
1227,508,Tablet,Android
1228,712,Tablet,Android
1229,570,Notebook,Linux
1230,129,SmartTV,Android
1231,528,Smartphone,Windows
1232,804,SmartTV,Linux
1233,427,Smartphone,Windows
1234,423,Tablet,Android
1235,959,Notebook,Android
1236,66,Smartphone,Linux
1237,545,Notebook,Linux
1238,619,SmartTV,Windows
1239,283,Tablet,iOS
1240,761,Smartphone,Windows
1241,555,SmartTV,Linux
1242,222,Notebook,Windows
1243,581,SmartTV,iOS
1244,520,SmartTV,iOS
1245,452,SmartTV,Windows
1246,788,Tablet,iOS
1247,214,Tablet,Linux
1248,817,SmartTV,Windows
1249,615,SmartTV,Android
1250,501,SmartTV,Android
1251,735,SmartTV,Linux
1252,609,Smartphone,Linux
1253,439,SmartTV,Android
1254,167,Smartphone,Windows
1255,324,Smartphone,Windows
1256,995,Smartphone,Android
1257,848,Smartphone,iOS
1258,504,Smartphone,Linux
1259,849,Notebook,Android
1260,222,Smartphone,Linux
1261,379,Tablet,iOS
1262,663,Notebook,iOS
1263,710,Tablet,Android
1264,509,Notebook,Linux
1265,469,SmartTV,Windows
1266,963,SmartTV,Android
1267,729,Notebook,Linux
1268,116,Smartphone,Android
1269,863,Smartphone,Windows
1270,337,Smartphone,Windows
1271,560,Smartphone,Windows
1272,835,Smartphone,Linux
1273,29,Notebook,Android
1274,918,Tablet,iOS
1275,949,SmartTV,Android
1276,66,Tablet,iOS
1277,788,SmartTV,Android
1278,550,SmartTV,iOS
1279,348,Notebook,Windows
1280,173,Smartphone,iOS
1281,693,Smartphone,Android
1282,720,Tablet,Android
1283,700,Notebook,Android
1284,890,Notebook,Linux
1285,940,Smartphone,Windows
1286,485,Smartphone,Android
1287,891,Notebook,Android
1288,665,SmartTV,Windows
1289,484,Smartphone,iOS
1290,326,Tablet,Android
1291,622,Smartphone,iOS
1292,102,Smartphone,Android
1293,327,Notebook,Android
1294,546,Tablet,Linux
1295,470,Tablet,Linux
1296,191,SmartTV,Windows
1297,513,Tablet,Linux
1298,662,Smartphone,iOS
1299,727,Smartphone,Windows
1300,868,Tablet,Windows
1301,195,Smartphone,Windows
1302,868,SmartTV,Android
1303,520,Smartphone,Android
1304,869,Tablet,Linux
1305,72,Smartphone,iOS
1306,789,SmartTV,Linux
1307,605,Tablet,Linux
1308,357,SmartTV,Android
1309,505,Notebook,Android
1310,960,SmartTV,Windows
1311,453,Tablet,Linux
1312,603,Notebook,iOS
1313,893,Tablet,Windows
1314,457,Smartphone,iOS
1315,237,SmartTV,iOS
1316,800,Smartphone,Android
1317,445,SmartTV,Windows
1318,210,SmartTV,Windows
1319,212,SmartTV,iOS
1320,485,Smartphone,Windows
1321,953,Notebook,Linux
1322,174,Notebook,iOS
1323,673,Notebook,Windows
1324,251,SmartTV,Windows
1325,734,Smartphone,iOS
1326,364,Tablet,Windows
1327,290,Smartphone,Android
1328,638,Notebook,Linux
1329,309,SmartTV,Android
1330,566,Notebook,Android
1331,91,Tablet,iOS
1332,567,SmartTV,Linux
1333,965,Notebook,Linux
1334,514,Tablet,Windows
1335,278,Notebook,Android
1336,857,Tablet,Android
1337,462,Smartphone,iOS
1338,374,Smartphone,Linux
1339,99,Tablet,Android
1340,138,SmartTV,Android
1341,610,Tablet,Linux
1342,390,SmartTV,iOS
1343,107,Tablet,Windows
1344,223,Smartphone,iOS
1345,10,Tablet,Windows
1346,440,Smartphone,Windows
1347,352,Smartphone,iOS
1348,189,Notebook,Linux
1349,255,Tablet,Linux
1350,509,SmartTV,Windows
1351,14,Smartphone,Windows
1352,764,Tablet,iOS
1353,911,Notebook,Windows
1354,129,Notebook,Windows
1355,181,Tablet,Windows
1356,784,Tablet,Android
1357,644,Notebook,Android
1358,763,SmartTV,Linux
1359,529,Tablet,iOS
1360,382,SmartTV,iOS
1361,805,Tablet,Linux
1362,478,Notebook,Linux
1363,925,Smartphone,Linux
1364,39,Smartphone,Linux
1365,521,Notebook,Windows
1366,597,Tablet,iOS
1367,850,Tablet,Android
1368,257,Tablet,iOS
1369,369,Notebook,Windows
1370,797,SmartTV,Android
1371,69,Notebook,Android
1372,1,Tablet,Android
1373,104,Tablet,iOS
1374,162,Notebook,Android
1375,330,Smartphone,iOS
1376,812,Notebook,Linux
1377,7,SmartTV,Windows
1378,704,Smartphone,Linux
1379,545,Smartphone,Android
1380,105,SmartTV,iOS
1381,243,Notebook,iOS
1382,233,SmartTV,iOS
1383,255,Notebook,Android
1384,995,SmartTV,iOS
1385,661,Smartphone,Android
1386,529,SmartTV,Linux
1387,934,Smartphone,Android
1388,299,Tablet,Windows
1389,670,Tablet,Windows
1390,364,Notebook,iOS
1391,513,Smartphone,Linux
1392,208,Tablet,Windows
1393,515,SmartTV,iOS
1394,946,Smartphone,iOS
1395,487,Tablet,iOS
1396,827,SmartTV,iOS
1397,220,SmartTV,iOS
1398,999,Tablet,Windows
1399,588,Notebook,Android
1400,944,Notebook,Android
1401,713,Tablet,Android
1402,249,SmartTV,Linux
1403,581,Smartphone,Windows
1404,706,Smartphone,iOS
1405,734,Notebook,Android
1406,437,Tablet,Windows
1407,319,Smartphone,Android
1408,690,Tablet,iOS
1409,901,SmartTV,Android
1410,250,Smartphone,Android
1411,497,Tablet,Android
1412,774,Notebook,Android
1413,228,Smartphone,Windows
1414,398,Tablet,iOS
1415,944,Tablet,Linux
1416,820,Notebook,iOS
1417,640,Smartphone,Linux
1418,72,Smartphone,iOS
1419,281,SmartTV,Android
1420,925,Notebook,Windows
1421,701,SmartTV,iOS
1422,87,Tablet,Android
1423,438,Tablet,Windows
1424,188,SmartTV,Windows
1425,606,Notebook,iOS
1426,95,SmartTV,iOS
1427,978,Smartphone,iOS
1428,311,Notebook,Windows
1429,767,Tablet,iOS
1430,210,Notebook,iOS
1431,128,Notebook,Windows
1432,854,Smartphone,Windows
1433,160,Tablet,Android
1434,479,Tablet,iOS
1435,562,Tablet,Windows
1436,114,Smartphone,Windows
1437,280,Notebook,Linux
1438,778,Notebook,Linux
1439,96,SmartTV,Android
1440,141,Tablet,Linux
1441,139,Notebook,Windows
1442,56,SmartTV,Linux
1443,773,SmartTV,Android
1444,381,Notebook,Linux
1445,23,SmartTV,Linux
1446,129,SmartTV,Linux
1447,989,SmartTV,Android
1448,46,Smartphone,Linux
1449,513,Smartphone,Windows
1450,27,Notebook,Windows
1451,706,Tablet,Linux
1452,81,Tablet,Windows
1453,451,Smartphone,Linux
1454,339,SmartTV,Linux
1455,377,Smartphone,Windows
1456,882,SmartTV,Windows
1457,79,Smartphone,Android
1458,592,Notebook,Linux
1459,143,SmartTV,Windows
1460,307,SmartTV,iOS
1461,737,Smartphone,Android
1462,710,Notebook,Android
1463,551,Smartphone,Android
1464,770,Notebook,Linux
1465,244,SmartTV,Windows
1466,914,Notebook,Android
1467,168,Notebook,Windows
1468,68,Smartphone,Linux
1469,300,Notebook,iOS
1470,311,Tablet,Windows
1471,587,Smartphone,iOS
1472,961,SmartTV,iOS
1473,689,SmartTV,Android
1474,369,Smartphone,Linux
1475,622,Tablet,iOS
1476,954,SmartTV,Linux
1477,615,SmartTV,Windows
1478,672,SmartTV,Android
1479,542,Tablet,Linux
1480,330,Smartphone,iOS
1481,372,Tablet,Android
1482,143,Smartphone,Windows
1483,630,SmartTV,Linux
1484,378,Notebook,Linux
1485,925,Smartphone,iOS
1486,809,Tablet,Android
1487,292,Smartphone,Linux
1488,548,Notebook,Windows
1489,720,Tablet,Linux
1490,780,SmartTV,iOS
1491,265,SmartTV,Linux
1492,168,Tablet,Android
1493,94,Tablet,Android
1494,25,Notebook,Linux
1495,213,Notebook,iOS
1496,107,Notebook,Windows
1497,230,Tablet,Android
1498,372,Tablet,Windows
1499,210,Smartphone,Windows
1500,279,Tablet,Android
1501,476,SmartTV,iOS
1502,115,Smartphone,Linux
1503,435,Notebook,Android
1504,8,SmartTV,Linux
1505,785,SmartTV,Linux
1506,390,Tablet,Android
1507,359,SmartTV,Linux
1508,584,SmartTV,Linux
1509,787,Smartphone,Linux
1510,281,Tablet,iOS
1511,762,Tablet,Windows
1512,254,Tablet,Linux
1513,173,Smartphone,iOS
1514,173,Tablet,Windows
1515,335,SmartTV,iOS
1516,369,SmartTV,iOS
1517,839,Smartphone,Android
1518,398,Smartphone,Linux
1519,913,Smartphone,Android
1520,708,SmartTV,Linux
1521,632,Smartphone,Android
1522,796,Tablet,Linux
1523,463,Tablet,iOS
1524,167,SmartTV,iOS
1525,409,Smartphone,Linux
1526,839,Tablet,Android
1527,507,SmartTV,Windows
1528,790,Tablet,Windows
1529,293,Tablet,iOS
1530,820,Tablet,Windows
1531,965,Notebook,Android
1532,226,Notebook,Linux
1533,580,Smartphone,iOS
1534,709,Tablet,iOS
1535,56,SmartTV,iOS
1536,668,Notebook,Android
1537,500,SmartTV,Windows
1538,652,SmartTV,Android
1539,876,Tablet,iOS
1540,460,Smartphone,Windows
1541,469,Notebook,iOS
1542,988,SmartTV,iOS
1543,614,SmartTV,iOS
1544,222,Notebook,Android
1545,969,Smartphone,iOS
1546,682,Tablet,iOS
1547,816,Tablet,Linux
1548,297,Smartphone,Linux
1549,655,Tablet,Windows
1550,32,Notebook,Android
1551,678,Notebook,iOS
1552,752,Tablet,Android
1553,553,Tablet,Linux
1554,937,Tablet,Linux
1555,130,SmartTV,Windows
1556,679,Smartphone,Linux
1557,396,Notebook,Linux
1558,935,Notebook,iOS
1559,84,Tablet,Windows
1560,786,SmartTV,Windows
1561,962,Smartphone,Android
1562,975,Tablet,Windows
1563,648,Smartphone,iOS
1564,491,Smartphone,Windows
1565,221,Notebook,Android
1566,120,Notebook,Windows
1567,321,Tablet,Android
1568,469,Smartphone,Android
1569,419,Notebook,Android
1570,143,SmartTV,iOS
1571,188,Notebook,Windows
1572,904,Notebook,Linux
1573,192,Smartphone,Windows
1574,571,Tablet,Linux
1575,104,Tablet,Windows
1576,20,SmartTV,Linux
1577,477,SmartTV,Windows
1578,768,Tablet,Linux
1579,269,Notebook,iOS
1580,339,Tablet,Android
1581,489,Tablet,iOS
1582,432,SmartTV,iOS
1583,305,Smartphone,iOS
1584,666,Smartphone,Windows
1585,660,SmartTV,Linux
1586,615,SmartTV,Windows
1587,951,Smartphone,Android
1588,719,Tablet,Windows
1589,107,Tablet,Linux
1590,259,Notebook,iOS
1591,762,Smartphone,Android
1592,461,Smartphone,iOS
1593,312,Smartphone,Linux
1594,606,Tablet,Windows
1595,273,Notebook,Android
1596,126,Notebook,iOS
1597,402,Tablet,iOS
1598,354,Smartphone,Android
1599,703,Smartphone,Linux
1600,768,Notebook,Android
1601,229,SmartTV,iOS
1602,318,SmartTV,Windows
1603,622,Tablet,Android
1604,905,Notebook,Windows
1605,379,SmartTV,iOS
1606,702,Smartphone,iOS
1607,837,Notebook,Linux
1608,383,Smartphone,Android
1609,71,Tablet,Windows
1610,960,SmartTV,Windows
1611,459,Tablet,Windows
1612,64,Tablet,Linux
1613,594,SmartTV,Linux
1614,61,Tablet,Android
1615,422,SmartTV,Linux
1616,592,SmartTV,Android
1617,818,Notebook,iOS
1618,186,Smartphone,Android
1619,865,Notebook,Windows
1620,649,Tablet,Linux
1621,522,Tablet,iOS
1622,569,Smartphone,Windows
1623,687,SmartTV,Android
1624,56,Tablet,Windows
1625,676,Notebook,Linux
1626,998,Smartphone,Windows
1627,623,Smartphone,Android
1628,992,Tablet,Windows
1629,889,Tablet,Android
1630,779,Smartphone,Windows
1631,436,Notebook,Windows
1632,565,Tablet,Linux
1633,628,Smartphone,Windows
1634,356,Smartphone,Windows
1635,790,Notebook,Linux
1636,769,SmartTV,Windows
1637,532,Smartphone,Windows
1638,731,Smartphone,Android
1639,827,SmartTV,Android
1640,711,Notebook,Linux
1641,719,Notebook,iOS
1642,623,Notebook,iOS
1643,712,Notebook,iOS
1644,724,Notebook,Linux
1645,34,Smartphone,Android
1646,893,Tablet,Linux
1647,432,SmartTV,Linux
1648,75,Notebook,Windows
1649,824,Tablet,Windows
1650,872,SmartTV,Android
1651,178,Notebook,iOS
1652,793,Notebook,Linux
1653,728,Tablet,Windows
1654,872,Tablet,iOS
1655,425,SmartTV,Android
1656,792,Tablet,Windows
1657,278,Notebook,iOS
1658,213,Notebook,Windows
1659,389,SmartTV,iOS
1660,181,Notebook,Windows
1661,485,Notebook,Linux
1662,971,Smartphone,Windows
1663,733,Smartphone,Windows
1664,452,Smartphone,Android
1665,868,Smartphone,Android
1666,870,Tablet,iOS
1667,155,Notebook,iOS
1668,103,Tablet,Windows
1669,631,Tablet,iOS
1670,996,Smartphone,Linux
1671,773,Notebook,Android
1672,603,Tablet,Windows
1673,864,Tablet,Linux
1674,200,SmartTV,Android
1675,584,Smartphone,Linux
1676,77,Tablet,Windows
1677,436,SmartTV,Android
1678,505,Tablet,Android
1679,136,SmartTV,Android
1680,345,Notebook,iOS
1681,570,Smartphone,iOS
1682,951,Tablet,Linux
1683,868,Smartphone,Android
1684,372,SmartTV,Windows
1685,394,Notebook,Linux
1686,931,Smartphone,Windows
1687,593,Tablet,Android
1688,538,Smartphone,Android
1689,609,Smartphone,Android
1690,970,Smartphone,Windows
1691,466,Smartphone,Windows
1692,735,Tablet,Android
1693,738,Smartphone,Linux
1694,483,SmartTV,iOS
1695,823,Tablet,Windows
1696,99,Smartphone,iOS
1697,278,Notebook,Windows
1698,830,Smartphone,iOS
1699,361,Smartphone,iOS
1700,681,Smartphone,Linux
1701,913,Tablet,Android
1702,194,Tablet,Windows
1703,544,SmartTV,Android
1704,770,Notebook,iOS
1705,912,SmartTV,Android
1706,440,Tablet,Linux
1707,607,Notebook,Android
1708,142,Smartphone,Android
1709,559,Smartphone,iOS
1710,281,Notebook,Linux
1711,524,Tablet,iOS
1712,629,Notebook,iOS
1713,979,SmartTV,Linux
1714,802,Notebook,Linux
1715,860,Notebook,Android
1716,309,Smartphone,Android
1717,363,Smartphone,iOS
1718,419,SmartTV,Windows
1719,442,Smartphone,Linux
1720,324,Tablet,iOS
1721,537,Notebook,Linux
1722,793,Smartphone,Linux
1723,614,Smartphone,iOS
1724,54,Smartphone,iOS
1725,589,Tablet,Android
1726,849,Smartphone,iOS
1727,64,SmartTV,iOS
1728,959,Notebook,Windows
1729,311,Smartphone,iOS
1730,286,Smartphone,Linux
1731,212,SmartTV,Android
1732,676,Tablet,Linux
1733,726,SmartTV,Linux
1734,915,SmartTV,Linux
1735,506,Notebook,Linux
1736,978,Notebook,Windows
1737,463,Smartphone,Windows
1738,931,Tablet,Android
1739,53,Tablet,Linux
1740,873,SmartTV,Android
1741,867,Notebook,Android
1742,423,Smartphone,iOS
1743,810,SmartTV,iOS
1744,1,Smartphone,iOS
1745,745,SmartTV,iOS
1746,665,SmartTV,iOS
1747,95,Smartphone,iOS
1748,80,SmartTV,Android
1749,952,SmartTV,Android
1750,552,SmartTV,iOS
1751,736,Notebook,iOS
1752,384,Notebook,Android
1753,864,Smartphone,Linux
1754,218,Smartphone,Android
1755,161,SmartTV,Windows
1756,70,Notebook,Android
1757,474,Smartphone,Android
1758,964,Smartphone,Linux
1759,365,Smartphone,Linux
1760,917,Tablet,iOS
1761,28,SmartTV,iOS
1762,577,Smartphone,Linux
1763,978,Tablet,Linux
1764,596,Smartphone,Windows
1765,837,Smartphone,Windows
1766,845,SmartTV,iOS
1767,198,Smartphone,iOS
1768,929,Tablet,Android
1769,270,Smartphone,iOS
1770,904,SmartTV,iOS
1771,179,Notebook,Windows
1772,284,Notebook,Windows
1773,635,Notebook,iOS
1774,76,SmartTV,iOS
1775,589,SmartTV,Windows
1776,524,Notebook,iOS
1777,322,Notebook,Android
1778,201,SmartTV,Linux
1779,359,Smartphone,iOS
1780,434,SmartTV,Android
1781,165,Tablet,Linux
1782,293,SmartTV,Windows
1783,547,Tablet,iOS
1784,427,Smartphone,Windows
1785,60,Tablet,Windows
1786,945,Smartphone,Linux
1787,118,Notebook,Android
1788,444,SmartTV,iOS
1789,764,SmartTV,Linux
1790,743,Notebook,Windows
1791,534,SmartTV,iOS
1792,467,SmartTV,Windows
1793,679,Notebook,iOS
1794,36,Notebook,Android
1795,973,Notebook,Linux
1796,435,Smartphone,Android
1797,490,Notebook,iOS
1798,779,Tablet,Linux
1799,388,Tablet,Linux
1800,627,Notebook,iOS
1801,226,SmartTV,Android
1802,939,Tablet,Android
1803,387,Smartphone,iOS
1804,173,Smartphone,Windows
1805,612,SmartTV,Windows
1806,704,Tablet,Windows
1807,412,Notebook,Linux
1808,988,Tablet,Android
1809,334,Notebook,Windows
1810,827,Notebook,Android
1811,59,Tablet,iOS
1812,265,SmartTV,Linux
1813,653,SmartTV,Linux
1814,432,Notebook,Windows
1815,622,Tablet,Linux
1816,598,Smartphone,Android
1817,25,SmartTV,Linux
1818,553,Notebook,Android
1819,985,Notebook,Windows
1820,840,Notebook,iOS
1821,878,Smartphone,Windows
1822,636,Smartphone,Linux
1823,38,SmartTV,Windows
1824,455,Tablet,Windows
1825,16,Tablet,Android
1826,807,Tablet,Windows
1827,465,Notebook,iOS
1828,658,Tablet,iOS
1829,452,Notebook,iOS
1830,256,SmartTV,Linux
1831,6,Smartphone,Linux
1832,446,Tablet,Linux
1833,705,Tablet,iOS
1834,511,Tablet,iOS
1835,98,Tablet,Linux
1836,352,SmartTV,Linux
1837,795,SmartTV,Linux
1838,930,Notebook,Linux
1839,215,SmartTV,Windows
1840,246,Smartphone,iOS
1841,861,Smartphone,Linux
1842,904,Smartphone,Linux
1843,462,Notebook,Android
1844,605,Tablet,Android
1845,55,SmartTV,Windows
1846,666,Notebook,Windows
1847,469,Smartphone,iOS
1848,187,SmartTV,Android
1849,124,SmartTV,Windows
1850,618,SmartTV,Linux
1851,969,Notebook,Windows
1852,389,Smartphone,iOS
1853,580,Tablet,Linux
1854,659,Notebook,iOS
1855,581,Tablet,Linux
1856,640,Tablet,Linux
1857,997,SmartTV,Linux
1858,79,Notebook,Linux
1859,487,SmartTV,Linux
1860,59,Smartphone,Windows
1861,611,Notebook,Linux
1862,647,SmartTV,iOS
1863,51,Tablet,iOS
1864,909,Smartphone,Android
1865,603,Smartphone,Linux
1866,312,Notebook,Android
1867,549,SmartTV,iOS
1868,442,Smartphone,Linux
1869,743,Tablet,Windows
1870,654,SmartTV,iOS
1871,913,Smartphone,Windows
1872,381,Tablet,Linux
1873,497,Smartphone,Windows
1874,68,Tablet,Android
1875,499,Tablet,Windows
1876,531,Tablet,Linux
1877,749,SmartTV,Windows
1878,913,Tablet,iOS
1879,607,SmartTV,iOS
1880,491,Smartphone,Android
1881,982,Smartphone,Linux
1882,677,Smartphone,iOS
1883,742,SmartTV,Linux
1884,222,SmartTV,Android
1885,682,SmartTV,iOS
1886,109,SmartTV,iOS
1887,516,Smartphone,Linux
1888,513,Smartphone,Android
1889,646,SmartTV,Linux
1890,852,SmartTV,Android
1891,519,Smartphone,Android
1892,546,Notebook,Android
1893,142,Notebook,iOS
1894,967,Smartphone,Windows
1895,532,Notebook,iOS
1896,804,Tablet,Windows
1897,814,Tablet,Linux
1898,838,Smartphone,Linux
1899,310,Smartphone,Windows
1900,282,Tablet,Linux
1901,878,Tablet,Linux
1902,250,SmartTV,Windows
1903,784,Notebook,Windows
1904,549,Tablet,iOS
1905,1,Notebook,iOS
1906,176,Tablet,Linux
1907,997,Smartphone,Android
1908,721,Notebook,Android
1909,565,Tablet,Windows
1910,656,Tablet,iOS
1911,832,Smartphone,Android
1912,808,Tablet,iOS
1913,841,Notebook,Windows
1914,929,Notebook,iOS
1915,749,Tablet,Android
1916,734,Notebook,Linux
1917,229,Tablet,iOS
1918,300,Tablet,Linux
1919,967,SmartTV,Windows
1920,83,SmartTV,iOS
1921,627,Tablet,Android
1922,834,Smartphone,Android
1923,571,SmartTV,Windows
1924,915,Smartphone,Android
1925,974,Smartphone,iOS
1926,354,Tablet,Windows
1927,775,SmartTV,Android
1928,579,Notebook,Linux
1929,162,Tablet,Android
1930,43,SmartTV,iOS
1931,70,Smartphone,iOS
1932,279,Smartphone,Linux
1933,814,Notebook,iOS
1934,334,Smartphone,iOS
1935,914,Notebook,Linux
1936,104,SmartTV,Android
1937,299,SmartTV,Linux
1938,298,Smartphone,Linux
1939,996,Notebook,Android
1940,626,Smartphone,iOS
1941,595,Tablet,Windows
1942,160,SmartTV,Windows
1943,876,SmartTV,Android
1944,981,Notebook,iOS
1945,379,SmartTV,iOS
1946,326,Notebook,Android
1947,459,Smartphone,Windows
1948,19,SmartTV,Linux
1949,904,SmartTV,Windows
1950,855,Smartphone,Android
1951,906,SmartTV,iOS
1952,987,Notebook,Android
1953,134,SmartTV,Windows
1954,922,Tablet,iOS
1955,259,Smartphone,Windows
1956,170,Tablet,Android
1957,80,Smartphone,iOS
1958,726,Notebook,Linux
1959,127,Tablet,Linux
1960,192,Tablet,Linux
1961,614,SmartTV,iOS
1962,261,Smartphone,Windows
1963,676,SmartTV,iOS
1964,363,Smartphone,Linux
1965,159,Smartphone,Windows
1966,806,Tablet,Windows
1967,594,Notebook,Linux
1968,194,Tablet,Windows
1969,507,Notebook,Linux
1970,245,Notebook,Linux
1971,203,SmartTV,Linux
1972,652,Smartphone,iOS
1973,42,Tablet,Android
1974,265,Notebook,Android
1975,893,Smartphone,iOS
1976,237,Tablet,Android
1977,30,SmartTV,iOS
1978,751,SmartTV,Android
1979,669,Smartphone,iOS
1980,752,Notebook,iOS
1981,102,SmartTV,Windows
1982,233,SmartTV,Windows
1983,834,Tablet,Windows
1984,903,Smartphone,iOS
1985,701,Smartphone,Windows
1986,597,Smartphone,iOS
1987,51,Notebook,iOS
1988,981,Tablet,Linux
1989,304,Smartphone,Windows
1990,132,Notebook,Linux
1991,880,SmartTV,Linux
1992,987,Smartphone,Linux
1993,933,Tablet,Android
1994,181,Tablet,Windows
1995,936,Smartphone,Android
1996,314,Tablet,Linux
1997,573,SmartTV,iOS
1998,681,Tablet,iOS
1999,141,Tablet,Windows
2000,689,SmartTV,Linux
